{
  "loss": [
    0.09594310075044632,
    0.0685141384601593,
    0.04940005764365196,
    0.03713112324476242,
    0.030915288254618645,
    0.02606586553156376,
    0.02420806884765625,
    0.019992437213659286,
    0.019147885963320732,
    0.01803499646484852,
    0.017132729291915894,
    0.015988731756806374,
    0.015381235629320145,
    0.013721066527068615,
    0.014529225416481495,
    0.012355964630842209,
    0.012863419950008392,
    0.012769893743097782,
    0.013232131488621235,
    0.011067166924476624,
    0.010647679679095745,
    0.010597639717161655,
    0.010495123453438282,
    0.010392004624009132,
    0.009030417539179325,
    0.010151118971407413,
    0.009207582101225853,
    0.008538475260138512,
    0.008830701932311058,
    0.008714264258742332,
    0.008473767898976803,
    0.007958091795444489,
    0.008484658785164356,
    0.007427197881042957,
    0.0072637596167624,
    0.007344117853790522,
    0.007099844049662352,
    0.007636005990207195,
    0.007624991238117218,
    0.007007289677858353,
    0.007159003522247076,
    0.006149057764559984,
    0.007050279062241316,
    0.006905298680067062,
    0.006381037645041943,
    0.00639727059751749,
    0.006477504037320614,
    0.0067191035486757755,
    0.006548015866428614,
    0.006392348557710648,
    0.006408700253814459,
    0.006794331595301628,
    0.006264532450586557,
    0.006792719475924969,
    0.006043229717761278,
    0.005917524453252554,
    0.006019901018589735,
    0.006742430385202169,
    0.006111403927206993,
    0.006168178748339415,
    0.005776919890195131,
    0.0062022400088608265,
    0.006023433990776539,
    0.005941987503319979,
    0.00605132058262825,
    0.005918307229876518,
    0.005969205871224403,
    0.005883331876248121,
    0.005626486614346504,
    0.005759077146649361,
    0.006048764102160931,
    0.006414155010133982,
    0.006587096489965916,
    0.006507852114737034,
    0.005894800648093224
  ],
  "mae": [
    0.24866600334644318,
    0.206459179520607,
    0.17245438694953918,
    0.15064501762390137,
    0.13516192138195038,
    0.1232931986451149,
    0.11872635781764984,
    0.1070481464266777,
    0.1031731516122818,
    0.10035055875778198,
    0.09711813181638718,
    0.0972844809293747,
    0.093571238219738,
    0.08717016875743866,
    0.0897335559129715,
    0.08311636000871658,
    0.08504657447338104,
    0.08420118689537048,
    0.08686954528093338,
    0.07923541963100433,
    0.07868406921625137,
    0.07816781103610992,
    0.07822658866643906,
    0.07661741226911545,
    0.07158011198043823,
    0.07631723582744598,
    0.07226614654064178,
    0.07115436345338821,
    0.07069959491491318,
    0.06983152776956558,
    0.0687771886587143,
    0.06782382726669312,
    0.06846091151237488,
    0.0646272525191307,
    0.06460697203874588,
    0.06439324468374252,
    0.06503517180681229,
    0.06587104499340057,
    0.06501487642526627,
    0.06390514969825745,
    0.06417336314916611,
    0.05961564928293228,
    0.06334079056978226,
    0.06202353164553642,
    0.05981524661183357,
    0.060337942093610764,
    0.06105788052082062,
    0.06093057617545128,
    0.06046676263213158,
    0.06095445901155472,
    0.060457903891801834,
    0.06213337182998657,
    0.060516275465488434,
    0.0626363754272461,
    0.05838991701602936,
    0.05847001448273659,
    0.05919838324189186,
    0.061474718153476715,
    0.05940186604857445,
    0.059393491595983505,
    0.05679348483681679,
    0.058534588664770126,
    0.0579732283949852,
    0.05751630291342735,
    0.058534473180770874,
    0.05790795385837555,
    0.05962521582841873,
    0.05857079103589058,
    0.055713389068841934,
    0.05747975781559944,
    0.05921638384461403,
    0.059676069766283035,
    0.05973275005817413,
    0.06079676002264023,
    0.05727546289563179
  ],
  "val_loss": [
    0.05192919820547104,
    0.037070270627737045,
    0.027148567140102386,
    0.0230844896286726,
    0.023081181570887566,
    0.02103675901889801,
    0.01900782622396946,
    0.01795215532183647,
    0.01630118489265442,
    0.015004015527665615,
    0.014145461842417717,
    0.012681097723543644,
    0.01205434650182724,
    0.011719461530447006,
    0.011187160387635231,
    0.010750019922852516,
    0.010108860209584236,
    0.010011476464569569,
    0.009984735399484634,
    0.009862884879112244,
    0.00970726739615202,
    0.009864800609648228,
    0.00960833765566349,
    0.009530134499073029,
    0.009277655743062496,
    0.009225789457559586,
    0.00926576554775238,
    0.009179084561765194,
    0.009133468382060528,
    0.00909824762493372,
    0.00908272247761488,
    0.00907678622752428,
    0.009116006083786488,
    0.009113524109125137,
    0.009089379571378231,
    0.009068773128092289,
    0.008967975154519081,
    0.00890546664595604,
    0.008797256276011467,
    0.00867404229938984,
    0.00864047184586525,
    0.00862638559192419,
    0.008570362813770771,
    0.00856089685112238,
    0.008626568131148815,
    0.00863833911716938,
    0.008644070476293564,
    0.008664747700095177,
    0.008702178485691547,
    0.008668043650686741,
    0.008646474219858646,
    0.00862960610538721,
    0.008640049025416374,
    0.008622772060334682,
    0.008577990345656872,
    0.00852599460631609,
    0.00846780277788639,
    0.008419261313974857,
    0.008382695727050304,
    0.008378400467336178,
    0.008404616266489029,
    0.008417374454438686,
    0.008430643007159233,
    0.008406588807702065,
    0.008396854624152184,
    0.00840814784169197,
    0.00842481479048729,
    0.008413877338171005,
    0.008426537737250328,
    0.008426508866250515,
    0.008439826779067516,
    0.008432067930698395,
    0.00842781737446785,
    0.008427259512245655,
    0.008446205407381058
  ],
  "val_mae": [
    0.18405799567699432,
    0.1493116319179535,
    0.12620994448661804,
    0.11454347521066666,
    0.11518891900777817,
    0.10826759785413742,
    0.10146103799343109,
    0.09948095679283142,
    0.0953822210431099,
    0.09055203199386597,
    0.0852075070142746,
    0.08035978674888611,
    0.0776488333940506,
    0.07603619992733002,
    0.07297748327255249,
    0.07100925594568253,
    0.06799697875976562,
    0.06654250621795654,
    0.06570984423160553,
    0.06580657511949539,
    0.06462749093770981,
    0.06569983810186386,
    0.06409112364053726,
    0.06247704103589058,
    0.06142642721533775,
    0.06125551089644432,
    0.06092646345496178,
    0.06086722016334534,
    0.060341645032167435,
    0.06024838984012604,
    0.06024837866425514,
    0.05982697010040283,
    0.059430260211229324,
    0.0587606318295002,
    0.05874567851424217,
    0.058257345110177994,
    0.057441480457782745,
    0.057436056435108185,
    0.0572674460709095,
    0.05692579597234726,
    0.057018376886844635,
    0.05748176947236061,
    0.057145118713378906,
    0.05688130110502243,
    0.057507894933223724,
    0.05749284848570824,
    0.0573384091258049,
    0.057187918573617935,
    0.05724814906716347,
    0.05685572326183319,
    0.05672784149646759,
    0.056566353887319565,
    0.056680239737033844,
    0.056664105504751205,
    0.056460801512002945,
    0.05616707727313042,
    0.05584028363227844,
    0.05555666983127594,
    0.05560408532619476,
    0.0554698184132576,
    0.0554705448448658,
    0.05541455000638962,
    0.055471375584602356,
    0.05537692829966545,
    0.05526997148990631,
    0.055229201912879944,
    0.05523607134819031,
    0.055047694593667984,
    0.05503862723708153,
    0.05497560650110245,
    0.054964788258075714,
    0.05492394417524338,
    0.054945144802331924,
    0.054902296513319016,
    0.054997630417346954
  ],